#qso_name,cluster_name,ra_cls,dec_cls,z_cls,ra_q,dec_q,r_phy
1ES1553+113,239.4725_11.01132_2k,239.4725,11.01132,0.1771,238.929,11.19,5.98054
2E-1058.1+1102,165.15974_10.84845_2k,165.15974,10.84845,0.17801,165.199,10.7703,0.93041
2MASS-J10512569+1247462,162.84343_12.45873_2k,162.84343,12.45873,0.1347,162.857,12.7962,2.86283
2MASS-J13250381+2717189,201.90057_27.13802_2k,201.90057,27.13802,0.1406,201.266,27.2885,5.13367
2MASS-J13482237+2456498,207.27818_24.97087_2k,207.27818,24.97087,0.141,207.093,24.9472,1.4938
2MASS-J13482237+2456498,207.79004_24.52816_2k,207.79004,24.52816,0.1293,207.093,24.9472,6.21542
2MASS-J13482237+2456498,206.63661_24.6598_2k,206.63661,24.6598,0.16646,207.093,24.9472,5.09852
2MASS-J14294076+0321257,217.3956_3.41476_2k,217.3956,3.41476,0.15661,217.42,3.35718,0.60128
2MASS-J14312586+2442203,217.51833_24.38024_2k,217.51833,24.38024,0.13654,217.858,24.7057,3.848
2MASS-J15412146+2817063,235.54012_28.25696_2k,235.54012,28.25696,0.1164,235.34,28.2851,1.3347
2MASX-J16194054+2543233,244.5069_25.3973_2k,244.5069,25.3973,0.1112,244.919,25.7231,3.5525
2MASX-J16194054+2543233,244.69904_25.9298_2k,244.69904,25.9298,0.1445,244.919,25.7231,2.57433
2MASX-J16194054+2543233,244.84349_26.38499_2k,244.84349,26.38499,0.1133,244.919,25.7231,4.86039
2MASX-J16194054+2543233,244.97006_25.31484_2k,244.97006,25.31484,0.13932,244.919,25.7231,3.58346
2MASX-J16194054+2543233,245.59801_25.61537_2k,245.59801,25.61537,0.1097,244.919,25.7231,4.41315
2MASX-J16194054+2543233,245.36286_25.91866_2k,245.36286,25.91866,0.17323,244.919,25.7231,4.64613
3C263,173.31136_66.37953_2k,173.31136,66.37953,0.1151,174.987,65.797,6.62644
4C25.01,5.19095_26.06578_2k,5.19095,26.06578,0.1119,4.91576,26.0479,1.79105
7C-163119.39+393037.00,248.61324_39.81666_2k,248.61324,39.81666,0.1813,248.259,39.4076,5.32785
87GB-142519.5+264555,217.27349_27.02562_2k,217.27349,27.02562,0.17556,216.898,26.5374,6.25259
BZBJ1001+2911,150.11663_29.91662_2k,150.11663,29.91662,0.18223,150.293,29.1938,8.03917
BZBJ1001+2911,150.84268_29.56273_2k,150.84268,29.56273,0.13544,150.293,29.1938,5.14902
CSO1022,208.52214_36.32872_2k,208.52214,36.32872,0.1462,208.359,36.347,1.20508
CSO1080,226.0864_29.25876_2k,226.0864,29.25876,0.1524,226.365,29.7884,5.477
CSO1080,227.272_30.25771_2k,227.272,30.25771,0.1092,226.365,29.7884,6.47148
CSO1080,226.2711_30.12384_2k,226.2711,30.12384,0.1445,226.365,29.7884,3.10446
CSO1080,226.26272_29.60448_2k,226.26272,29.60448,0.13532,226.365,29.7884,1.73812
CSO1245,179.19827_42.35192_2k,179.19827,42.35192,0.16742,179.125,42.8819,5.41188
FBQSJ1010+3003,151.59337_30.22581_2k,151.59337,30.22581,0.11406,152.503,30.0561,5.91295
FBQSJ1010+3003,152.73758_29.61514_2k,152.73758,29.61514,0.14419,152.503,30.0561,4.3602
FBQSJ103059.1+310255,157.75751_30.86197_2k,157.75751,30.86197,0.1364,157.746,31.0488,1.60285
FBQSJ1519+2838,229.42941_27.89536_2k,229.42941,27.89536,0.119,229.901,28.641,6.50645
FBQSJ1519+2838,229.85909_28.99712_2k,229.85909,28.99712,0.1239,229.901,28.641,2.82561
FBQSJ1519+2838,230.37143_28.58441_2k,230.37143,28.58441,0.172,229.901,28.641,4.3286
FIRSTJ09086+3246,137.69499_32.25478_2k,137.69499,32.25478,0.1742,137.276,32.6084,7.1925
HB89-0107-025-NED05,17.13053_-2.57367_2k,17.13053,-2.57367,0.25706,17.5677,-2.31417,7.19615
HB89.1259+281,194.70264_27.9073_2k,194.70264,27.9073,0.15792,195.367,27.8518,5.71225
HS1102+3441,166.22855_34.57435_2k,166.22855,34.57435,0.15808,166.416,34.4262,2.07445
HS1102+3441,166.51323_34.14028_2k,166.51323,34.14028,0.24976,166.416,34.4262,4.11877
HS1111+4309,167.66847_42.93965_2k,167.66847,42.93965,0.15558,168.775,42.8301,5.76713
HS1111+4309,167.88304_42.4753_2k,167.88304,42.4753,0.1321,168.489,42.8906,5.07773
ICRF-J122011.8+020342,185.51877_2.07181_2k,185.51877,2.07181,0.1256,185.05,2.06173,3.74187
J0246-0059,41.46553_-0.70459_2k,41.46553,-0.70459,0.1818,41.7163,-0.99196,4.14127
J0246-0059,41.73518_-1.52666_2k,41.73518,-1.52666,0.2362,41.7163,-0.99196,7.1186
J080704.88+360353.5,122.19504_36.04241_2k,122.19504,36.04241,0.208,121.77,36.0649,4.15821
J083220.08+243100.5,129.13167_24.80795_2k,129.13167,24.80795,0.1125,128.899,24.9947,7.22858
J083331.57+523405.4,126.8069_53.1485_2k,126.8069,53.1485,0.12461,128.382,52.5682,8.83707
J083331.57+523405.4,128.06079_51.98688_2k,128.06079,51.98688,0.1089,128.382,52.5682,4.33015
J083331.57+523405.4,129.54848_51.92117_2k,129.54848,51.92117,0.1145,128.382,52.5682,7.10498
J084159.13+140642.1,130.33127_13.86864_2k,130.33127,13.86864,0.14765,130.496,14.1117,2.66407
J084349.75+261910.7,131.13919_26.10421_2k,131.13919,26.10421,0.1094,130.957,26.3197,1.91617
J0946+5123,146.15105_51.09332_2k,146.15105,51.09332,0.215,146.632,51.3944,5.27452
J0946+5123,146.86685_50.75664_2k,146.86685,50.75664,0.13896,146.632,51.3944,5.69722
J101730.98+470225.0,155.0083_47.01541_2k,155.0083,47.01541,0.14973,154.094,47.112,3.98115
J103748.36+040242.1,158.70235_4.4055_2k,158.70235,4.4055,0.1564,159.452,4.04505,7.97365
J103748.36+040242.1,158.83661_4.03611_2k,158.83661,4.03611,0.13353,159.452,4.04505,5.16595
J104335.86+115129.1,160.79598_12.70812_2k,160.79598,12.70812,0.13106,160.899,11.8581,7.08895
J105220.63+101751.7,162.78806_10.64095_2k,162.78806,10.64095,0.1316,163.086,10.2977,3.75045
J110236.65+052117.0,165.58942_5.94417_2k,165.58942,5.94417,0.1455,165.653,5.35474,5.36287
J110236.65+052117.0,165.89407_4.87395_2k,165.89407,4.87395,0.1296,165.653,5.35474,4.40831
J110236.65+052117.0,165.96832_5.44129_2k,165.96832,5.44129,0.15791,165.653,5.35474,3.15322
J112632.91+120437.3,171.83024_11.62564_2k,171.83024,11.62564,0.17319,171.987,11.9075,5.11135
J112632.91+120437.3,172.19946_12.5149_2k,172.19946,12.5149,0.1539,171.987,11.9075,6.66067
J1127+1154,172.33008_11.91799_2k,172.33008,11.91799,0.1684,171.987,11.9075,3.42818
J113325.77+242327.8,173.08815_23.62578_2k,173.08815,23.62578,0.13784,173.357,24.3911,6.9477
J113325.77+242327.8,173.10901_23.75375_2k,173.10901,23.75375,0.1501,173.357,24.3911,6.27998
J113524.05+074502.5,174.26889_7.7006_2k,174.26889,7.7006,0.1868,173.85,7.7507,4.63947
J113524.05+074502.5,174.09487_7.0942_2k,174.09487,7.0942,0.15895,173.85,7.7507,6.81478
J114046.06+113649.5,175.55518_11.90599_2k,175.55518,11.90599,0.1528,175.192,11.6138,4.33667
J114046.06+113649.5,175.71079_11.28293_2k,175.71079,11.28293,0.11531,175.192,11.6138,4.49978
J114046.06+113649.5,175.80009_11.80022_2k,175.80009,11.80022,0.1732,175.192,11.6138,6.51596
J114903.47+220424.3,177.07978_22.49957_2k,177.07978,22.49957,0.15663,177.264,22.0734,4.41469
J114903.47+220424.3,177.1613_21.65358_2k,177.1613,21.65358,0.17663,177.264,22.0734,4.56767
J115709.77+090607.3,179.56096_9.41446_2k,179.56096,9.41446,0.1516,179.291,9.10203,3.84403
J115709.77+090607.3,179.77147_8.84637_2k,179.77147,8.84637,0.1644,179.291,9.10203,5.39562
J120013.03+001757.2,179.66036_0.70869_2k,179.66036,0.70869,0.1994,180.054,0.29923,6.63636
J120013.03+001757.2,179.80438_0.51564_2k,179.80438,0.51564,0.1744,180.054,0.29923,3.46933
J120013.03+001757.2,179.62185_-0.09791_2k,179.62185,-0.09791,0.1068,179.495,-0.37247,4.07144
J120013.03+001757.2,179.36342_0.13938_2k,179.36342,0.13938,0.1274,179.495,-0.37247,5.73005
J1243+3539,191.01801_35.66701_2k,191.01801,35.66701,0.1581,190.782,35.652,1.86432
J1243+3539,190.31073_36.00754_2k,190.31073,36.00754,0.17965,190.782,35.652,5.61363
J133356.38+313355.3,202.95151_31.60443_2k,202.95151,31.60443,0.20829,202.722,31.3252,5.51389
J133912.37+535527.3,206.47977_54.00693_2k,206.47977,54.00693,0.1372,204.802,53.9243,8.52802
J134447.56+554656.8,204.91008_55.25406_2k,204.91008,55.25406,0.13915,206.198,55.7824,7.84619
J140854.17+565743.3,212.97158_57.45526_2k,212.97158,57.45526,0.10948,212.226,56.962,4.51908
J141505.91+044546.1,213.16782_5.06323_2k,213.16782,5.06323,0.13437,213.775,4.76282,5.71367
J141949.39+060654.0,214.96704_6.00673_2k,214.96704,6.00673,0.1513,214.956,6.11501,1.01718
J141949.39+060654.0,215.43874_6.65558_2k,215.43874,6.65558,0.1134,214.956,6.11501,5.28375
J143145.98+030143.8,218.26811_3.51046_2k,218.26811,3.51046,0.1468,217.942,3.02886,5.29821
J144625.07+035503.6,222.0766_3.529_2k,222.0766,3.529,0.1222,221.604,3.91768,4.7665
J144625.07+035503.6,221.57358_3.93591_2k,221.57358,3.93591,0.21108,221.604,3.91768,0.43238
J1456P2750,223.89705_27.51122_2k,223.89705,27.51122,0.1777,224.036,27.8358,3.70085
J1456P2750,224.01263_27.64203_2k,224.01263,27.64203,0.16216,224.036,27.8358,1.92867
J152447.75+041919.8,230.79353_4.31116_2k,230.79353,4.31116,0.14812,231.199,4.32218,3.71391
J152447.75+041919.8,230.76123_4.36442_2k,230.76123,4.36442,0.1738,231.199,4.32218,4.59265
J155855.34+125555.3,239.97962_13.00943_2k,239.97962,13.00943,0.14006,239.731,12.932,2.22839
J161723.67+085414.7,244.6042_9.17906_2k,244.6042,9.17906,0.1501,244.349,8.9041,3.46302
J161723.67+085414.7,244.23848_9.48735_2k,244.23848,9.48735,0.1721,244.349,8.9041,6.16474
J161723.67+085414.7,245.06595_8.91124_2k,245.06595,8.91124,0.1141,244.349,8.9041,5.20619
LBQS-1435-0134,220.19551_-1.69765_2k,220.19551,-1.69765,0.1332,219.451,-1.78633,6.29285
PG0003+158,1.34984_16.21926_2k,1.34984,16.21926,0.1156,1.49682,16.1636,1.12786
PG0003+158,1.56595_15.80718_2k,1.56595,15.80718,0.15429,1.49682,16.1636,3.44416
PG0044+030,10.94269_3.47189_2k,10.94269,3.47189,0.1471,11.7746,3.33194,7.6888
PG0044+030,11.3215_3.06095_2k,11.3215,3.06095,0.1679,11.7746,3.33194,5.36989
PG0052+251,13.05857_24.37058_2k,13.05857,24.37058,0.1094,13.7172,25.4275,8.60246
PG0832+251,128.77049_25.21949_2k,128.77049,25.21949,0.13204,128.899,24.9947,2.10957
PG0953+414,149.21767_40.93669_2k,149.21767,40.93669,0.14664,149.218,41.2561,2.90839
PG1001+291,151.42789_29.08355_2k,151.42789,29.08355,0.1338,151.011,28.9264,3.3464
PG1004+130,151.72322_12.39349_2k,151.72322,12.39349,0.164,151.859,12.8156,4.41937
PG1115+080A1,169.19598_7.1165_2k,169.19598,7.1165,0.151,169.571,7.76626,6.98574
PG1115+080A1,169.3734_7.77326_2k,169.3734,7.77326,0.1592,169.571,7.76626,1.90978
PG1121+422,171.31836_42.48676_2k,171.31836,42.48676,0.1905,171.163,42.0292,5.31744
PG1148+549,177.85305_54.85254_2k,177.85305,54.85254,0.1433,177.835,54.6259,2.02633
PG1202+281,180.7468_28.61221_2k,180.7468,28.61221,0.1335,181.176,27.9033,6.7591
PG1216+069,185.44574_7.80663_2k,185.44574,7.80663,0.1371,184.837,6.64403,11.27449
PG1216+069,185.54671_6.69958_2k,185.54671,6.69958,0.12004,184.837,6.64403,5.43085
PG1222+216,186.07382_20.68457_2k,186.07382,20.68457,0.1421,186.227,21.3795,6.2923
PG1222+216,185.88781_21.89102_2k,185.88781,21.89102,0.12565,186.227,21.3795,4.80001
PG1222+216,186.13781_20.85791_2k,186.13781,20.85791,0.1901,186.227,21.3795,5.94318
PG1259+593,195.63347_59.56123_2k,195.63347,59.56123,0.18001,195.304,59.0353,5.94861
PG1352+183,208.40087_18.87143_2k,208.40087,18.87143,0.12496,208.649,18.0882,6.50236
PG1407+265,212.68448_26.45501_2k,212.68448,26.45501,0.1321,212.35,26.3058,2.79089
PG1407+265,211.77316_25.98144_2k,211.77316,25.98144,0.15966,212.35,26.3058,5.97081
PG1424+240,217.33798_23.10824_2k,217.33798,23.10824,0.1348,216.752,23.8,7.43137
PG1626+554,247.61694_55.23665_2k,247.61694,55.23665,0.1082,246.984,55.3754,2.70881
PG-1630+377,247.77727_37.77568_2k,247.77727,37.77568,0.1276,248.005,37.6306,1.87243
Q1545+210,237.49457_20.37127_2k,237.49457,20.37127,0.13508,236.931,20.8713,6.17574
Q2251+155,342.56904_16.60827_2k,342.56904,16.60827,0.14987,343.491,16.1481,9.24655
Q2251+155,344.20471_16.2694_2k,344.20471,16.2694,0.1201,343.491,16.1481,5.34787
QSO-B0157+001,29.34851_0.41781_2k,29.34851,0.41781,0.135,29.9594,0.39481,5.1918
QSO-B0923+201,141.2615_19.20701_2k,141.2615,19.20701,0.1243,141.478,19.9014,5.72805
QSO-B1215+303,185.02994_30.04537_2k,185.02994,30.04537,0.1094,184.467,30.1168,3.48804
QSOB1612+266,243.578_26.16378_2k,243.578,26.16378,0.1313,243.544,26.5473,3.1911
RBS711,129.49724_44.24887_2k,129.49724,44.24887,0.1448,129.245,44.434,2.32891
RXJ1125.0+2513,170.79175_24.87604_2k,170.79175,24.87604,0.1425,171.265,25.2173,4.87133
RXJ1154.1+2521,178.67195_24.88494_2k,178.67195,24.88494,0.1381,178.533,25.3626,4.27644
RXJ1154.1+2521,178.81982_25.2206_2k,178.81982,25.2206,0.1901,178.533,25.3626,3.32674
RXJ1210.7+2725,182.93349_27.38252_2k,182.93349,27.38252,0.1393,182.69,27.4268,1.92432
RXJ1210.7+2725,182.46274_27.22522_2k,182.46274,27.22522,0.17671,182.69,27.4268,3.02808
RXJ2139.7+0246,324.45944_3.16148_2k,324.45944,3.16148,0.11687,324.934,2.76817,4.62193
RXSJ16083+6018,241.20889_59.56355_2k,241.20889,59.56355,0.1143,242.085,60.3077,6.35958
SBS1108+560,168.29762_56.11145_2k,168.29762,56.11145,0.2256,167.884,55.7906,5.0855
SBS1108+560,169.07686_55.26192_2k,169.07686,55.26192,0.1396,167.884,55.7906,7.49258
SBS1122+594,171.8907_59.17732_2k,171.8907,59.17732,0.1496,171.474,59.1727,1.9774
SBS1122+594,172.37204_59.49645_2k,172.37204,59.49645,0.1822,171.474,59.1727,6.10126
SBS1458+534,225.68297_53.04666_2k,225.68297,53.04666,0.1339,224.957,53.3192,4.32972
SDSS104741.75+151332.3,162.34364_15.06038_2k,162.34364,15.06038,0.21015,161.924,15.2256,5.32483
SDSSJ015530.02-085704.0,28.43726_-8.68094_2k,28.43726,-8.68094,0.1323,28.8752,-8.9511,4.25904
SDSSJ021218.32-073719.8,33.49054_-8.01272_2k,33.49054,-8.01272,0.14583,33.0764,-7.6222,5.13382
SDSSJ025937.46+003736.3,44.8856_0.23177_2k,44.8856,0.23177,0.192,44.9061,0.6268,4.48607
SDSSJ025937.46+003736.3,44.69644_0.50708_2k,44.69644,0.50708,0.12956,44.9061,0.6268,1.9798
SDSSJ025937.46+003736.3,44.59318_0.69504_2k,44.59318,0.69504,0.17077,44.9061,0.6268,3.30634
SDSSJ080908.13+461925.6,121.43025_45.68304_2k,121.43025,45.68304,0.1342,122.284,46.3238,7.37784
SDSSJ080908.13+461925.6,122.25832_46.78887_2k,122.25832,46.78887,0.1268,122.284,46.3238,3.74696
SDSSJ082024.21+233450.4,124.54365_23.72237_2k,124.54365,23.72237,0.1613,125.101,23.5807,5.22095
SDSSJ082024.21+233450.4,124.79068_22.95349_2k,124.79068,22.95349,0.2195,125.101,23.5807,8.67163
SDSSJ082633.51+074248.3,126.83567_7.8911_2k,126.83567,7.8911,0.2051,126.64,7.7134,3.14101
SDSSJ084349.49+411741.6,130.56613_41.8734_2k,130.56613,41.8734,0.12736,130.956,41.2949,5.23573
SDSSJ091029.75+101413.6,136.60707_10.3635_2k,136.60707,10.3635,0.1335,137.624,10.2371,8.48475
SDSSJ091029.75+101413.6,137.35901_10.04148_2k,137.35901,10.04148,0.1816,137.624,10.2371,3.53736
SDSSJ091029.75+101413.6,137.21721_11.02641_2k,137.21721,11.02641,0.1638,137.624,10.2371,8.82995
SDSSJ091029.75+101413.6,137.35185_10.79194_2k,137.35185,10.79194,0.17508,137.624,10.2371,6.48937
SDSSJ091029.75+101413.6,138.16866_10.09441_2k,138.16866,10.09441,0.1438,137.624,10.2371,4.96962
SDSSJ091235.42+295725.4,138.21567_30.38827_2k,138.21567,30.38827,0.1807,138.148,29.9571,4.70191
SDSSJ091235.42+295725.4,138.63779_29.68504_2k,138.63779,29.68504,0.1799,138.148,29.9571,5.43296
SDSSJ091235.42+295725.4,138.58938_29.59942_2k,138.58938,29.59942,0.16351,138.148,29.9571,5.22262
SDSSJ091235.42+295725.4,139.00594_29.82811_2k,139.00594,29.82811,0.13114,138.148,29.9571,6.25535
SDSSJ091440.38+282330.6,139.17739_28.43383_2k,139.17739,28.43383,0.17765,138.668,28.3918,4.79654
SDSSJ091440.38+282330.6,138.13931_28.91154_2k,138.13931,28.91154,0.13726,138.668,28.3918,6.0008
SDSSJ092554.43+453544.4,141.86505_45.57574_2k,141.86505,45.57574,0.18678,141.477,45.5957,3.02136
SDSSJ092554.70+400414.1,141.00488_40.58254_2k,141.00488,40.58254,0.1602,141.478,40.0706,6.1365
SDSSJ092837.98+602521.0,142.00299_60.44089_2k,142.00299,60.44089,0.1562,142.158,60.4225,0.75495
SDSSJ093518.19+020415.5,143.75307_2.32319_2k,143.75307,2.32319,0.1702,143.826,2.07098,2.70297
SDSSJ094331.61+053131.4,145.5575_5.61522_2k,145.5575,5.61522,0.21865,145.882,5.52541,4.20671
SDSSJ094840.08+580039.1,146.56328_57.8985_2k,146.56328,57.8985,0.1805,147.167,58.0109,3.66507
SDSSJ094840.08+580039.1,147.27835_57.77061_2k,147.27835,57.77061,0.2066,147.167,58.0109,2.97258
SDSSJ094840.08+580039.1,147.71707_58.67207_2k,147.71707,58.67207,0.1144,147.167,58.0109,5.31469
SDSSJ094840.08+580039.1,148.65284_57.9123_2k,148.65284,57.9123,0.14503,147.167,58.0109,7.16666
SDSSJ094840.08+580039.1,148.07419_58.08145_2k,148.07419,58.08145,0.11553,147.167,58.0109,3.60537
SDSSJ094952.91+390203.9,147.21968_38.72371_2k,147.21968,38.72371,0.16532,147.471,39.0344,3.69172
SDSSJ094952.91+390203.9,146.87542_38.77904_2k,146.87542,38.77904,0.14636,147.471,39.0344,4.81062
SDSSJ095000.73+483129.3,147.19745_48.50926_2k,147.19745,48.50926,0.2162,147.503,48.5248,2.52536
SDSSJ095109.12+330745.8,147.18775_33.47578_2k,147.18775,33.47578,0.13372,147.788,33.1294,5.13578
SDSSJ095109.12+330745.8,147.40125_33.47306_2k,147.40125,33.47306,0.16018,147.788,33.1294,4.62258
SDSSJ100102.55+594414.3,149.82468_59.40644_2k,149.82468,59.40644,0.17734,150.261,59.7373,4.23489
SDSS-J100535.24+013445.7,151.18639_1.95268_2k,151.18639,1.95268,0.1242,151.397,1.57933,3.38989
J101730.98+470225.0,154.02043_47.14657_2k,154.02043,47.14657,0.17,154.094,47.112,2.73862
SDSSJ101622.60+470643.3,153.54985_47.61081_2k,153.54985,47.61081,0.16515,154.094,47.112,6.23112
SDSSJ10282+2119,157.04504_21.37538_2k,157.04504,21.37538,0.1876,157.061,21.332,0.51057
SDSSJ102847.00+391800.5,156.81331_39.30048_2k,156.81331,39.30048,0.11257,157.196,39.3001,2.15101
SDSSJ104816.25+120734.7,162.11073_12.01796_2k,162.11073,12.01796,0.1348,162.068,12.1263,0.98491
SDSSJ110312.93+414154.9,164.58089_41.06132_2k,164.58089,41.06132,0.1299,165.804,41.6986,9.18402
SDSSJ110312.93+414154.9,165.87108_42.13863_2k,165.87108,42.13863,0.1582,165.804,41.6986,4.29473
SDSSJ110312.93+414154.9,166.39537_41.09006_2k,166.39537,41.09006,0.1528,165.804,41.6986,7.09664
SDSSJ110312.93+414154.9,165.37919_41.5137_2k,165.37919,41.5137,0.1147,165.804,41.6986,2.71352
SDSSJ110406.94+314111.4,165.91512_31.94304_2k,165.91512,31.94304,0.2461,166.029,31.6865,3.76118
SDSSJ112244.89+575543.0,171.83957_58.15597_2k,171.83957,58.15597,0.179,170.686,57.9286,6.98732
SDSS-J113137.16+155645.3,172.63758_16.6311_2k,172.63758,16.6311,0.1571,172.905,15.9459,7.05556
SDSSJ113327.78+032719.1,173.33139_3.89569_2k,173.33139,3.89569,0.1463,173.366,3.45532,4.01433
SDSSJ113327.78+032719.1,173.13583_3.50157_2k,173.13583,3.50157,0.20612,173.366,3.45532,2.80993
SDSSJ113457.62+255527.9,173.96764_26.72576_2k,173.96764,26.72576,0.15348,173.74,25.9244,7.82133
SDSSJ113457.62+255527.9,174.23203_26.56782_2k,174.23203,26.56782,0.1564,173.74,25.9244,7.4956
SDSSJ114646.00+371511.0,176.99675_37.05314_2k,176.99675,37.05314,0.1644,176.692,37.2531,3.14894
SDSSJ114646.00+371511.0,177.20559_37.68637_2k,177.20559,37.68637,0.17828,176.692,37.2531,6.35914
SDSSJ115758.72-002220.8,178.80689_-0.5261_2k,178.80689,-0.5261,0.1318,179.495,-0.37247,5.86702
SDSSJ115758.72-002220.8,179.67075_-1.06672_2k,179.67075,-1.06672,0.1258,179.495,-0.37247,5.72683
SDSSJ115758.72-002220.8,180.04408_-0.59356_2k,180.04408,-0.59356,0.1692,179.495,-0.37247,6.06523
SDSSJ115758.72-002220.8,179.67954_-0.61146_2k,179.67954,-0.61146,0.1765,179.495,-0.37247,3.20161
SDSSJ115758.72-002220.8,179.56877_-1.02737_2k,179.56877,-1.02737,0.1207,179.495,-0.37247,5.08571
SDSSJ120556.08+104253.8,181.62246_10.04631_2k,181.62246,10.04631,0.1322,181.484,10.715,5.6934
SDSSJ121037.56+315706.0,182.29762_31.96095_2k,182.29762,31.96095,0.2036,182.656,31.9517,3.61273
SDSSJ121037.56+315706.0,182.57483_32.10483_2k,182.57483,32.10483,0.14592,182.656,31.9517,1.52243
SDSSJ121114.56+365739.5,182.68332_36.25397_2k,182.68332,36.25397,0.135,182.811,36.961,6.06761
SDSSJ121114.56+365739.5,182.1868_36.77653_2k,182.1868,36.77653,0.14553,182.811,36.961,4.81667
SDSSJ121430.55+082508.1,183.21611_7.93525_2k,183.21611,7.93525,0.13749,183.627,8.41893,5.4508
SDSSJ121430.55+082508.1,183.29791_8.26063_2k,183.29791,8.26063,0.1438,183.627,8.41893,3.24308
SDSSJ121430.55+082508.1,183.20282_8.20114_2k,183.20282,8.20114,0.13027,183.627,8.41893,3.89589
SDSSJ121430.55+082508.1,183.07309_8.55148_2k,183.07309,8.55148,0.12384,183.627,8.41893,4.44678
SDSSJ121640.56+071224.3,183.38725_7.42136_2k,183.38725,7.42136,0.1369,184.169,7.20676,6.91448
SDSSJ121640.56+071224.3,184.28096_6.85807_2k,184.28096,6.85807,0.1714,184.169,7.20676,3.78956
SDSSJ122102.49+155447.0,184.77026_16.28211_2k,184.77026,16.28211,0.1544,185.26,15.9131,5.6838
SDSSJ122312.16+095017.7,186.49297_9.94314_2k,186.49297,9.94314,0.16,185.801,9.83826,6.75151
SDSSJ122317.79+092306.9,186.04073_8.7309_2k,186.04073,8.7309,0.17673,185.824,9.38527,7.3082
SDSSJ122512.93+121835.6,186.72382_12.36588_2k,186.72382,12.36588,0.1635,186.304,12.3099,4.12442
SDSSJ122512.93+121835.6,186.23963_11.90833_2k,186.23963,11.90833,0.15552,186.304,12.3099,3.88674
SDSSJ122520.13+084450.7,185.71172_8.55989_2k,185.71172,8.55989,0.142,186.334,8.74744,5.70055
SDSSJ123304.05-003134.1,188.94847_-0.96584_2k,188.94847,-0.96584,0.1439,188.267,-0.52616,7.26875
SDSSJ123304.05-003134.1,187.74519_-0.7029_2k,187.74519,-0.7029,0.2028,188.267,-0.52616,6.52241
SDSSJ123335.07+475800.4,187.26057_47.62238_2k,187.26057,47.62238,0.2588,188.396,47.9668,11.91343
SDSSJ123335.07+475800.4,187.91865_48.66147_2k,187.91865,48.66147,0.14094,188.396,47.9668,6.72727
SDSSJ123604.02+264135.9,188.92171_26.23742_2k,188.92171,26.23742,0.1743,189.016,26.6933,4.86657
SDSSJ124154.02+572107.3,189.34319_57.25677_2k,189.34319,57.25677,0.1069,190.475,57.3521,4.29587
SDSSJ124154.02+572107.3,189.67269_57.55227_2k,189.67269,57.55227,0.15092,190.475,57.3521,4.43756
SDSSJ124511.25+335610.1,191.42482_33.40794_2k,191.42482,33.40794,0.1319,191.297,33.9361,4.48621
SDSS.J125846.67+242739.1,194.42866_23.9188_2k,194.42866,23.9188,0.12965,194.694,24.4609,4.87137
SDSS.J130429.04+311308.2,196.16942_30.82096_2k,196.16942,30.82096,0.1683,196.121,31.219,4.08299
SDSS.J130429.04+311308.2,196.46153_30.90483_2k,196.46153,30.90483,0.1837,196.121,31.219,4.69412
SDSS.J130429.04+311308.2,196.74022_31.37864_2k,196.74022,31.37864,0.1821,196.121,31.219,6.00919
SDSS-J131802.01+262830.3,200.00082_25.54552_2k,200.00082,25.54552,0.135,199.508,26.4751,8.74576
SDSS-J131802.01+262830.3,199.61803_26.10206_2k,199.61803,26.10206,0.12716,199.508,26.4751,3.1141
SDSSJ132704.13+443505.0,201.69561_44.42221_2k,201.69561,44.42221,0.13572,201.766,44.5847,1.45086
SDSSJ132704.13+443505.0,202.37105_44.12681_2k,202.37105,44.12681,0.131,201.766,44.5847,5.2149
SDSSJ133053.27+311930.5,202.64931_31.07739_2k,202.64931,31.07739,0.13658,202.722,31.3252,2.19125
SDSSJ134206.56+050523.8,205.94057_4.09647_2k,205.94057,4.09647,0.1187,205.527,5.09,8.18234
SDSSJ134206.56+050523.8,206.38654_5.76955_2k,206.38654,5.76955,0.1264,205.527,5.09,8.7743
SDSSJ134231.22+382903.4,205.69202_38.36531_2k,205.69202,38.36531,0.1217,205.63,38.4843,0.99888
SDSSJ134251.60-005345.3,205.28871_-0.72567_2k,205.28871,-0.72567,0.1444,205.715,-0.89592,4.12581
SDSS-J135424.90+243006.3,207.96673_24.15074_2k,207.96673,24.15074,0.13346,208.604,24.5018,5.70721
SDSSJ135712.61+170444.1,208.63789_16.36857_2k,208.63789,16.36857,0.1262,209.303,17.0789,7.65079
SDSS-J135726.27+043541.4,209.46098_5.1713_2k,209.46098,5.1713,0.1515,209.359,4.59483,5.47699
SDSS-J135726.27+043541.4,209.56644_4.49672_2k,209.56644,4.49672,0.1253,209.359,4.59483,1.82398
SDSS-J135726.27+043541.4,209.8177_5.22145_2k,209.8177,5.22145,0.1132,209.359,4.59483,5.66126
SDSS-J135726.27+043541.4,208.96984_4.27432_2k,208.96984,4.27432,0.13449,209.359,4.59483,4.26024
SDSSJ140732.25+550725.6,212.85895_54.76104_2k,212.85895,54.76104,0.15832,211.884,55.1237,6.47453
SDSSJ140732.25+550725.6,212.07468_55.36322_2k,212.07468,55.36322,0.12052,211.884,55.1237,2.02712
SDSS-J141038.39+230447.1,212.89598_23.60518_2k,212.89598,23.60518,0.1787,212.66,23.0798,6.0865
SDSS-J141038.39+230447.1,213.48169_22.80837_2k,213.48169,22.80837,0.13759,212.66,23.0798,6.93838
SDSS-J141309.14+092011.2,212.87135_9.62219_2k,212.87135,9.62219,0.1081,213.288,9.33639,3.50948
SDSSJ141542.90+163413.8,214.33454_16.37647_2k,214.33454,16.37647,0.16639,213.929,16.5705,4.39305
SDSSJ141910.20+420746.9,215.44974_42.32785_2k,215.44974,42.32785,0.1362,214.793,42.1297,4.49329
SDSSJ143511.53+360437.2,219.06163_35.45221_2k,219.06163,35.45221,0.12912,218.798,36.077,5.39997
SDSSJ143726.14+504555.8,218.57808_50.68345_2k,218.57808,50.68345,0.1983,219.359,50.7655,5.82976
SDSSJ143726.14+504555.8,218.59844_50.20918_2k,218.59844,50.20918,0.19176,219.359,50.7655,8.35403
SDSSJ144511.28+342825.4,221.55261_34.93926_2k,221.55261,34.93926,0.1406,221.297,34.4737,4.48966
SDSSJ144511.28+342825.4,221.37758_34.54892_2k,221.37758,34.54892,0.15811,221.297,34.4737,0.97256
SDSS-J145424.33+304658.3,222.74463_31.29499_2k,222.74463,31.29499,0.1608,223.601,30.7829,8.79519
SDSS-J145424.33+304658.3,222.65756_30.74451_2k,222.65756,30.74451,0.11446,223.601,30.7829,5.98164
SDSSJ150455.56+564920.3,226.0355_56.924_2k,226.0355,56.924,0.15011,226.231,56.8221,1.37088
SDSS-J150928.29+070235.7,226.51143_6.69878_2k,226.51143,6.69878,0.1424,227.368,7.04327,8.15224
SDSS-J150928.29+070235.7,227.51549_6.46975_2k,227.51549,6.46975,0.1758,227.368,7.04327,6.25652
SDSSJ153644.90+141229.7,234.06799_14.34549_2k,234.06799,14.34549,0.1355,234.187,14.2083,1.52691
SDSSJ15403-0205,235.66197_-2.08099_2k,235.66197,-2.08099,0.1456,235.082,-2.08483,5.24632
SDSSJ155048.29+400144.9,237.51766_40.18385_2k,237.51766,40.18385,0.17771,237.701,40.0291,2.22653
SDSSJ155048.29+400144.9,238.53067_40.24615_2k,238.53067,40.24615,0.17839,237.701,40.0291,7.16984
SDSSJ155304.92+354828.6,237.14053_36.09324_2k,237.14053,36.09324,0.2379,238.271,35.808,12.82295
SDSSJ155304.92+354828.6,239.43074_35.50656_2k,239.43074,35.50656,0.15891,238.271,35.808,9.63066
SDSSJ155304.92+354828.6,238.80176_36.27522_2k,238.80176,36.27522,0.18031,238.271,35.808,6.84369
SDSSJ155304.92+354828.6,238.0919_35.89331_2k,238.0919,35.89331,0.15078,238.271,35.808,1.56919
SDSSJ155504.39+362848.0,238.8503_36.30072_2k,238.8503,36.30072,0.1512,238.768,36.48,1.78534
SDSSJ155504.39+362848.0,239.35787_35.78137_2k,239.35787,35.78137,0.15874,238.768,36.48,8.22421
SDSS-J160519.70+144852.2,240.68587_14.99652_2k,240.68587,14.99652,0.143,241.332,14.8145,5.79873
SDSS-J160519.70+144852.2,240.94799_15.86455_2k,240.94799,15.86455,0.10976,241.332,14.8145,7.91203
SDSSJ160709.88+133419.0,241.59541_12.98518_2k,241.59541,12.98518,0.1434,241.791,13.572,5.51335
SDSSJ225738.20+134045.4,344.43118_14.34242_2k,344.43118,14.34242,0.1092,344.409,13.6793,4.69309
SDSSJ225738.20+134045.4,344.58015_13.49798_2k,344.58015,13.49798,0.12567,344.409,13.6793,1.96591
SDSSJ225738.20+134045.4,344.58453_14.14818_2k,344.58453,14.14818,0.1569,344.409,13.6793,4.80524
SDSSJ225738.20+134045.4,343.89719_13.84712_2k,343.89719,13.84712,0.2013,344.409,13.6793,6.17604
TON0133,192.25626_30.14098_2k,192.25626,30.14098,0.14069,192.751,30.4283,4.52781
TON1337,166.57085_32.52922_2k,166.57085,32.52922,0.1539,166.769,32.1083,4.29424
TON1337,167.39566_31.84523_2k,167.39566,31.84523,0.1488,166.769,32.1083,5.46701
TON1337,167.12475_32.59772_2k,167.12475,32.59772,0.17347,166.769,32.1083,6.00536
TON1448,177.28622_34.49415_2k,177.28622,34.49415,0.1725,177.54,34.9419,5.14154
TON1448,177.86732_34.76092_2k,177.86732,34.76092,0.18837,177.54,34.9419,3.61802
TON236,231.39961_28.43871_2k,231.39961,28.43871,0.1501,232.169,28.4249,6.28329
TON236,232.10617_28.8298_2k,232.10617,28.8298,0.22297,232.169,28.4249,5.20505
TON236,231.59668_28.29666_2k,231.59668,28.29666,0.16044,232.169,28.4249,5.0986
VV2000-J093603.9+320709,144.19088_32.68197_2k,144.19088,32.68197,0.1266,144.016,32.1193,4.6772
VV2000-J093603.9+320709,143.67662_31.67274_2k,143.67662,31.67274,0.16802,144.016,32.1193,5.41491
VV2000-J093603.9+320709,143.53252_31.75197_2k,143.53252,31.75197,0.15788,144.016,32.1193,5.33179
VV2000-J165931.9+373528,253.88788_38.06484_2k,253.88788,38.06484,0.1162,254.883,37.5913,6.85234
VV2006-J080838.8+051440,122.99297_4.51494_2k,122.99297,4.51494,0.1514,122.162,5.24444,10.32019
VV2006-J092542.3+344108,142.59375_35.09128_2k,142.59375,35.09128,0.1126,141.426,34.6857,7.55805
VV2006-J095240.2+515250,148.20488_51.88484_2k,148.20488,51.88484,0.2139,148.167,51.8806,0.29321
VV2006-J095240.2+515250,148.92394_51.33144_2k,148.92394,51.33144,0.14831,148.167,51.8806,6.64513
VV2006-J101814.0+054625,155.17624_5.45095_2k,155.17624,5.45095,0.10934,154.558,5.77374,4.9202
VV2006-J105956.1+121151,164.8259_12.31299_2k,164.8259,12.31299,0.1179,164.984,12.1975,1.45858
VV2006-J105956.1+121151,164.98636_12.55466_2k,164.98636,12.55466,0.1587,164.984,12.1975,3.47277
VV2006-J105956.1+121151,165.05737_12.18814_2k,165.05737,12.18814,0.1222,164.984,12.1975,0.56406
VV2006-J105956.1+121151,165.29785_12.10371_2k,165.29785,12.10371,0.126,164.984,12.1975,2.56902
VV2006-J105956.1+121151,166.02223_12.54768_2k,166.02223,12.54768,0.1289,164.984,12.1975,8.76076
VV2006-J111507.6+023757,169.41188_2.30348_2k,169.41188,2.30348,0.1527,168.782,2.63265,6.68879
VV2006-J112005.0+041323,169.87863_4.32574_2k,169.87863,4.32574,0.1553,170.021,4.22314,1.67295
VV2006-J115412.1+463552,179.00655_46.04533_2k,179.00655,46.04533,0.13756,178.55,46.5978,5.48896
VV2006-J125901.7+413055,194.28614_41.08085_2k,194.28614,41.08085,0.14734,194.757,41.5155,5.12327
VV2006-J131545.2+152556,199.00267_14.87278_2k,199.00267,14.87278,0.16859,198.938,15.4323,5.75221
VV2006-J140658.8+144238,212.44261_14.13418_2k,212.44261,14.13418,0.13076,211.745,14.7107,7.34134
J133912.37+535527.3,204.02159_54.1333_2k,204.02159,54.1333,0.1648,204.802,53.9243,5.05252
SDSS-J151507.43+065708.3,229.05551_7.1044_2k,229.05551,7.1044,0.1757,228.781,6.95232,3.29636
